--------------------------------------------------------
--  File created - Jumat-Juli-03-2020   
--------------------------------------------------------
--------------------------------------------------------
--  DDL for Table HAVE_07065
--------------------------------------------------------

  CREATE TABLE "ILHAMBAYU_07065"."HAVE_07065" 
   (	"KODE_TIKET" NUMBER(*,0), 
	"KODE_JADWAL" NUMBER(*,0), 
	"TOTAL" NUMBER(10,0)
   ) SEGMENT CREATION IMMEDIATE 
  PCTFREE 10 PCTUSED 40 INITRANS 1 MAXTRANS 255 NOCOMPRESS LOGGING
  STORAGE(INITIAL 65536 NEXT 1048576 MINEXTENTS 1 MAXEXTENTS 2147483645
  PCTINCREASE 0 FREELISTS 1 FREELIST GROUPS 1 BUFFER_POOL DEFAULT FLASH_CACHE DEFAULT CELL_FLASH_CACHE DEFAULT)
  TABLESPACE "BAYU07065" ;
--------------------------------------------------------
--  DDL for Table JADWAL_07065
--------------------------------------------------------

  CREATE TABLE "ILHAMBAYU_07065"."JADWAL_07065" 
   (	"KODE_JADWAL" NUMBER(*,0), 
	"KODE_FILM" NUMBER(*,0), 
	"TGL_TAYANG" DATE, 
	"WKTU_TAYANG" VARCHAR2(10 BYTE), 
	"RUANG" VARCHAR2(20 BYTE)
   ) SEGMENT CREATION IMMEDIATE 
  PCTFREE 10 PCTUSED 40 INITRANS 1 MAXTRANS 255 NOCOMPRESS LOGGING
  STORAGE(INITIAL 65536 NEXT 1048576 MINEXTENTS 1 MAXEXTENTS 2147483645
  PCTINCREASE 0 FREELISTS 1 FREELIST GROUPS 1 BUFFER_POOL DEFAULT FLASH_CACHE DEFAULT CELL_FLASH_CACHE DEFAULT)
  TABLESPACE "BAYU07065" ;
--------------------------------------------------------
--  DDL for Table PEMBELI_07065
--------------------------------------------------------

  CREATE TABLE "ILHAMBAYU_07065"."PEMBELI_07065" 
   (	"ID" NUMBER(*,0), 
	"KODE_REG" NUMBER(*,0), 
	"NAMA" VARCHAR2(20 BYTE), 
	"ALAMAT" VARCHAR2(100 BYTE), 
	"TELP" NUMBER(14,0), 
	"GENDER" CHAR(2 BYTE)
   ) SEGMENT CREATION IMMEDIATE 
  PCTFREE 10 PCTUSED 40 INITRANS 1 MAXTRANS 255 NOCOMPRESS LOGGING
  STORAGE(INITIAL 65536 NEXT 1048576 MINEXTENTS 1 MAXEXTENTS 2147483645
  PCTINCREASE 0 FREELISTS 1 FREELIST GROUPS 1 BUFFER_POOL DEFAULT FLASH_CACHE DEFAULT CELL_FLASH_CACHE DEFAULT)
  TABLESPACE "BAYU07065" ;
--------------------------------------------------------
--  DDL for Table PILIH_07065
--------------------------------------------------------

  CREATE TABLE "ILHAMBAYU_07065"."PILIH_07065" 
   (	"KODE_TIKET" NUMBER(*,0), 
	"DUDUK" VARCHAR2(20 BYTE)
   ) SEGMENT CREATION IMMEDIATE 
  PCTFREE 10 PCTUSED 40 INITRANS 1 MAXTRANS 255 NOCOMPRESS LOGGING
  STORAGE(INITIAL 65536 NEXT 1048576 MINEXTENTS 1 MAXEXTENTS 2147483645
  PCTINCREASE 0 FREELISTS 1 FREELIST GROUPS 1 BUFFER_POOL DEFAULT FLASH_CACHE DEFAULT CELL_FLASH_CACHE DEFAULT)
  TABLESPACE "BAYU07065" ;
--------------------------------------------------------
--  DDL for Table REGISTER_07065
--------------------------------------------------------

  CREATE TABLE "ILHAMBAYU_07065"."REGISTER_07065" 
   (	"KODE_REG" NUMBER(*,0), 
	"ID" NUMBER(*,0), 
	"USERNAME" VARCHAR2(20 BYTE), 
	"PASSWORD" VARCHAR2(20 BYTE)
   ) SEGMENT CREATION IMMEDIATE 
  PCTFREE 10 PCTUSED 40 INITRANS 1 MAXTRANS 255 NOCOMPRESS LOGGING
  STORAGE(INITIAL 65536 NEXT 1048576 MINEXTENTS 1 MAXEXTENTS 2147483645
  PCTINCREASE 0 FREELISTS 1 FREELIST GROUPS 1 BUFFER_POOL DEFAULT FLASH_CACHE DEFAULT CELL_FLASH_CACHE DEFAULT)
  TABLESPACE "BAYU07065" ;
--------------------------------------------------------
--  DDL for Table TEMPAT_07065
--------------------------------------------------------

  CREATE TABLE "ILHAMBAYU_07065"."TEMPAT_07065" 
   (	"DUDUK" VARCHAR2(20 BYTE)
   ) SEGMENT CREATION IMMEDIATE 
  PCTFREE 10 PCTUSED 40 INITRANS 1 MAXTRANS 255 NOCOMPRESS LOGGING
  STORAGE(INITIAL 65536 NEXT 1048576 MINEXTENTS 1 MAXEXTENTS 2147483645
  PCTINCREASE 0 FREELISTS 1 FREELIST GROUPS 1 BUFFER_POOL DEFAULT FLASH_CACHE DEFAULT CELL_FLASH_CACHE DEFAULT)
  TABLESPACE "BAYU07065" ;
--------------------------------------------------------
--  DDL for Table TIKET_07065
--------------------------------------------------------

  CREATE TABLE "ILHAMBAYU_07065"."TIKET_07065" 
   (	"KODE_FILM" NUMBER(*,0), 
	"NAMA_FILM" VARCHAR2(15 BYTE), 
	"GENRE" VARCHAR2(15 BYTE), 
	"HARGA" NUMBER(20,0)
   ) SEGMENT CREATION IMMEDIATE 
  PCTFREE 10 PCTUSED 40 INITRANS 1 MAXTRANS 255 NOCOMPRESS LOGGING
  STORAGE(INITIAL 65536 NEXT 1048576 MINEXTENTS 1 MAXEXTENTS 2147483645
  PCTINCREASE 0 FREELISTS 1 FREELIST GROUPS 1 BUFFER_POOL DEFAULT FLASH_CACHE DEFAULT CELL_FLASH_CACHE DEFAULT)
  TABLESPACE "BAYU07065" ;
--------------------------------------------------------
--  DDL for Table TRANSAKSI_07065
--------------------------------------------------------

  CREATE TABLE "ILHAMBAYU_07065"."TRANSAKSI_07065" 
   (	"KODE_TIKET" NUMBER(*,0), 
	"KODE_REG" NUMBER(*,0), 
	"BANYAK" NUMBER(20,0)
   ) SEGMENT CREATION IMMEDIATE 
  PCTFREE 10 PCTUSED 40 INITRANS 1 MAXTRANS 255 NOCOMPRESS LOGGING
  STORAGE(INITIAL 65536 NEXT 1048576 MINEXTENTS 1 MAXEXTENTS 2147483645
  PCTINCREASE 0 FREELISTS 1 FREELIST GROUPS 1 BUFFER_POOL DEFAULT FLASH_CACHE DEFAULT CELL_FLASH_CACHE DEFAULT)
  TABLESPACE "BAYU07065" ;
REM INSERTING into ILHAMBAYU_07065.HAVE_07065
SET DEFINE OFF;
Insert into ILHAMBAYU_07065.HAVE_07065 (KODE_TIKET,KODE_JADWAL,TOTAL) values ('2','1','80000');
Insert into ILHAMBAYU_07065.HAVE_07065 (KODE_TIKET,KODE_JADWAL,TOTAL) values ('1','2','160000');
REM INSERTING into ILHAMBAYU_07065.JADWAL_07065
SET DEFINE OFF;
Insert into ILHAMBAYU_07065.JADWAL_07065 (KODE_JADWAL,KODE_FILM,TGL_TAYANG,WKTU_TAYANG,RUANG) values ('2','2',to_date('10-10-2020','DD-MM-RRRR'),'15.00','TEATER 2');
Insert into ILHAMBAYU_07065.JADWAL_07065 (KODE_JADWAL,KODE_FILM,TGL_TAYANG,WKTU_TAYANG,RUANG) values ('1','1',to_date('22-10-2020','DD-MM-RRRR'),'12.00','TEATER 1');
REM INSERTING into ILHAMBAYU_07065.PEMBELI_07065
SET DEFINE OFF;
Insert into ILHAMBAYU_07065.PEMBELI_07065 (ID,KODE_REG,NAMA,ALAMAT,TELP,GENDER) values ('25','2','rizal','sby','8333444','L ');
Insert into ILHAMBAYU_07065.PEMBELI_07065 (ID,KODE_REG,NAMA,ALAMAT,TELP,GENDER) values ('24','1','hoperay','sby','843331','L ');
Insert into ILHAMBAYU_07065.PEMBELI_07065 (ID,KODE_REG,NAMA,ALAMAT,TELP,GENDER) values ('41','3','sabdani','malang','985444','L ');
REM INSERTING into ILHAMBAYU_07065.PILIH_07065
SET DEFINE OFF;
Insert into ILHAMBAYU_07065.PILIH_07065 (KODE_TIKET,DUDUK) values ('1','C4');
Insert into ILHAMBAYU_07065.PILIH_07065 (KODE_TIKET,DUDUK) values ('1','C2');
Insert into ILHAMBAYU_07065.PILIH_07065 (KODE_TIKET,DUDUK) values ('1','A1');
Insert into ILHAMBAYU_07065.PILIH_07065 (KODE_TIKET,DUDUK) values ('1','A3');
Insert into ILHAMBAYU_07065.PILIH_07065 (KODE_TIKET,DUDUK) values ('2','A3');
Insert into ILHAMBAYU_07065.PILIH_07065 (KODE_TIKET,DUDUK) values ('2','A1');
Insert into ILHAMBAYU_07065.PILIH_07065 (KODE_TIKET,DUDUK) values ('2','A2');
REM INSERTING into ILHAMBAYU_07065.REGISTER_07065
SET DEFINE OFF;
Insert into ILHAMBAYU_07065.REGISTER_07065 (KODE_REG,ID,USERNAME,PASSWORD) values ('2','25','rizal','rizal');
Insert into ILHAMBAYU_07065.REGISTER_07065 (KODE_REG,ID,USERNAME,PASSWORD) values ('1','24','bayu','bayu101');
Insert into ILHAMBAYU_07065.REGISTER_07065 (KODE_REG,ID,USERNAME,PASSWORD) values ('3','41','sabdani','sabdani101');
REM INSERTING into ILHAMBAYU_07065.TEMPAT_07065
SET DEFINE OFF;
Insert into ILHAMBAYU_07065.TEMPAT_07065 (DUDUK) values ('A1');
Insert into ILHAMBAYU_07065.TEMPAT_07065 (DUDUK) values ('A2');
Insert into ILHAMBAYU_07065.TEMPAT_07065 (DUDUK) values ('A3');
Insert into ILHAMBAYU_07065.TEMPAT_07065 (DUDUK) values ('A4');
Insert into ILHAMBAYU_07065.TEMPAT_07065 (DUDUK) values ('A5');
Insert into ILHAMBAYU_07065.TEMPAT_07065 (DUDUK) values ('A6');
Insert into ILHAMBAYU_07065.TEMPAT_07065 (DUDUK) values ('B1');
Insert into ILHAMBAYU_07065.TEMPAT_07065 (DUDUK) values ('B2');
Insert into ILHAMBAYU_07065.TEMPAT_07065 (DUDUK) values ('B3');
Insert into ILHAMBAYU_07065.TEMPAT_07065 (DUDUK) values ('B4');
Insert into ILHAMBAYU_07065.TEMPAT_07065 (DUDUK) values ('B5');
Insert into ILHAMBAYU_07065.TEMPAT_07065 (DUDUK) values ('B6');
Insert into ILHAMBAYU_07065.TEMPAT_07065 (DUDUK) values ('C1');
Insert into ILHAMBAYU_07065.TEMPAT_07065 (DUDUK) values ('C2');
Insert into ILHAMBAYU_07065.TEMPAT_07065 (DUDUK) values ('C3');
Insert into ILHAMBAYU_07065.TEMPAT_07065 (DUDUK) values ('C4');
Insert into ILHAMBAYU_07065.TEMPAT_07065 (DUDUK) values ('C5');
Insert into ILHAMBAYU_07065.TEMPAT_07065 (DUDUK) values ('C6');
Insert into ILHAMBAYU_07065.TEMPAT_07065 (DUDUK) values ('D1');
Insert into ILHAMBAYU_07065.TEMPAT_07065 (DUDUK) values ('D2');
Insert into ILHAMBAYU_07065.TEMPAT_07065 (DUDUK) values ('D3');
Insert into ILHAMBAYU_07065.TEMPAT_07065 (DUDUK) values ('D4');
Insert into ILHAMBAYU_07065.TEMPAT_07065 (DUDUK) values ('D5');
Insert into ILHAMBAYU_07065.TEMPAT_07065 (DUDUK) values ('D6');
REM INSERTING into ILHAMBAYU_07065.TIKET_07065
SET DEFINE OFF;
Insert into ILHAMBAYU_07065.TIKET_07065 (KODE_FILM,NAMA_FILM,GENRE,HARGA) values ('1','kuntilanak','HOROR','40000');
Insert into ILHAMBAYU_07065.TIKET_07065 (KODE_FILM,NAMA_FILM,GENRE,HARGA) values ('2','gundala','ACTION','40000');
REM INSERTING into ILHAMBAYU_07065.TRANSAKSI_07065
SET DEFINE OFF;
Insert into ILHAMBAYU_07065.TRANSAKSI_07065 (KODE_TIKET,KODE_REG,BANYAK) values ('2','1','2');
Insert into ILHAMBAYU_07065.TRANSAKSI_07065 (KODE_TIKET,KODE_REG,BANYAK) values ('1','1','4');
--------------------------------------------------------
--  DDL for Index PK_JADWAL
--------------------------------------------------------

  CREATE UNIQUE INDEX "ILHAMBAYU_07065"."PK_JADWAL" ON "ILHAMBAYU_07065"."JADWAL_07065" ("KODE_JADWAL") 
  PCTFREE 10 INITRANS 2 MAXTRANS 255 COMPUTE STATISTICS 
  STORAGE(INITIAL 65536 NEXT 1048576 MINEXTENTS 1 MAXEXTENTS 2147483645
  PCTINCREASE 0 FREELISTS 1 FREELIST GROUPS 1 BUFFER_POOL DEFAULT FLASH_CACHE DEFAULT CELL_FLASH_CACHE DEFAULT)
  TABLESPACE "BAYU07065" ;
--------------------------------------------------------
--  DDL for Index PK_PEMBELI
--------------------------------------------------------

  CREATE UNIQUE INDEX "ILHAMBAYU_07065"."PK_PEMBELI" ON "ILHAMBAYU_07065"."PEMBELI_07065" ("ID") 
  PCTFREE 10 INITRANS 2 MAXTRANS 255 COMPUTE STATISTICS 
  STORAGE(INITIAL 65536 NEXT 1048576 MINEXTENTS 1 MAXEXTENTS 2147483645
  PCTINCREASE 0 FREELISTS 1 FREELIST GROUPS 1 BUFFER_POOL DEFAULT FLASH_CACHE DEFAULT CELL_FLASH_CACHE DEFAULT)
  TABLESPACE "BAYU07065" ;
--------------------------------------------------------
--  DDL for Index SYS_C007183
--------------------------------------------------------

  CREATE UNIQUE INDEX "ILHAMBAYU_07065"."SYS_C007183" ON "ILHAMBAYU_07065"."PEMBELI_07065" ("TELP") 
  PCTFREE 10 INITRANS 2 MAXTRANS 255 COMPUTE STATISTICS 
  STORAGE(INITIAL 65536 NEXT 1048576 MINEXTENTS 1 MAXEXTENTS 2147483645
  PCTINCREASE 0 FREELISTS 1 FREELIST GROUPS 1 BUFFER_POOL DEFAULT FLASH_CACHE DEFAULT CELL_FLASH_CACHE DEFAULT)
  TABLESPACE "BAYU07065" ;
--------------------------------------------------------
--  DDL for Index PK_REGISTER
--------------------------------------------------------

  CREATE UNIQUE INDEX "ILHAMBAYU_07065"."PK_REGISTER" ON "ILHAMBAYU_07065"."REGISTER_07065" ("KODE_REG") 
  PCTFREE 10 INITRANS 2 MAXTRANS 255 COMPUTE STATISTICS 
  STORAGE(INITIAL 65536 NEXT 1048576 MINEXTENTS 1 MAXEXTENTS 2147483645
  PCTINCREASE 0 FREELISTS 1 FREELIST GROUPS 1 BUFFER_POOL DEFAULT FLASH_CACHE DEFAULT CELL_FLASH_CACHE DEFAULT)
  TABLESPACE "BAYU07065" ;
--------------------------------------------------------
--  DDL for Index PK_TEMPAT
--------------------------------------------------------

  CREATE UNIQUE INDEX "ILHAMBAYU_07065"."PK_TEMPAT" ON "ILHAMBAYU_07065"."TEMPAT_07065" ("DUDUK") 
  PCTFREE 10 INITRANS 2 MAXTRANS 255 COMPUTE STATISTICS 
  STORAGE(INITIAL 65536 NEXT 1048576 MINEXTENTS 1 MAXEXTENTS 2147483645
  PCTINCREASE 0 FREELISTS 1 FREELIST GROUPS 1 BUFFER_POOL DEFAULT FLASH_CACHE DEFAULT CELL_FLASH_CACHE DEFAULT)
  TABLESPACE "BAYU07065" ;
--------------------------------------------------------
--  DDL for Index PK_TIKET
--------------------------------------------------------

  CREATE UNIQUE INDEX "ILHAMBAYU_07065"."PK_TIKET" ON "ILHAMBAYU_07065"."TIKET_07065" ("KODE_FILM") 
  PCTFREE 10 INITRANS 2 MAXTRANS 255 COMPUTE STATISTICS 
  STORAGE(INITIAL 65536 NEXT 1048576 MINEXTENTS 1 MAXEXTENTS 2147483645
  PCTINCREASE 0 FREELISTS 1 FREELIST GROUPS 1 BUFFER_POOL DEFAULT FLASH_CACHE DEFAULT CELL_FLASH_CACHE DEFAULT)
  TABLESPACE "BAYU07065" ;
--------------------------------------------------------
--  DDL for Index PK_TRANSAKSI
--------------------------------------------------------

  CREATE UNIQUE INDEX "ILHAMBAYU_07065"."PK_TRANSAKSI" ON "ILHAMBAYU_07065"."TRANSAKSI_07065" ("KODE_TIKET") 
  PCTFREE 10 INITRANS 2 MAXTRANS 255 COMPUTE STATISTICS 
  STORAGE(INITIAL 65536 NEXT 1048576 MINEXTENTS 1 MAXEXTENTS 2147483645
  PCTINCREASE 0 FREELISTS 1 FREELIST GROUPS 1 BUFFER_POOL DEFAULT FLASH_CACHE DEFAULT CELL_FLASH_CACHE DEFAULT)
  TABLESPACE "BAYU07065" ;
--------------------------------------------------------
--  Constraints for Table HAVE_07065
--------------------------------------------------------

  ALTER TABLE "ILHAMBAYU_07065"."HAVE_07065" MODIFY ("KODE_TIKET" NOT NULL ENABLE);
--------------------------------------------------------
--  Constraints for Table JADWAL_07065
--------------------------------------------------------

  ALTER TABLE "ILHAMBAYU_07065"."JADWAL_07065" ADD CONSTRAINT "PK_JADWAL" PRIMARY KEY ("KODE_JADWAL")
  USING INDEX PCTFREE 10 INITRANS 2 MAXTRANS 255 COMPUTE STATISTICS 
  STORAGE(INITIAL 65536 NEXT 1048576 MINEXTENTS 1 MAXEXTENTS 2147483645
  PCTINCREASE 0 FREELISTS 1 FREELIST GROUPS 1 BUFFER_POOL DEFAULT FLASH_CACHE DEFAULT CELL_FLASH_CACHE DEFAULT)
  TABLESPACE "BAYU07065"  ENABLE;
  ALTER TABLE "ILHAMBAYU_07065"."JADWAL_07065" MODIFY ("KODE_JADWAL" NOT NULL ENABLE);
--------------------------------------------------------
--  Constraints for Table PEMBELI_07065
--------------------------------------------------------

  ALTER TABLE "ILHAMBAYU_07065"."PEMBELI_07065" ADD UNIQUE ("TELP")
  USING INDEX PCTFREE 10 INITRANS 2 MAXTRANS 255 COMPUTE STATISTICS 
  STORAGE(INITIAL 65536 NEXT 1048576 MINEXTENTS 1 MAXEXTENTS 2147483645
  PCTINCREASE 0 FREELISTS 1 FREELIST GROUPS 1 BUFFER_POOL DEFAULT FLASH_CACHE DEFAULT CELL_FLASH_CACHE DEFAULT)
  TABLESPACE "BAYU07065"  ENABLE;
  ALTER TABLE "ILHAMBAYU_07065"."PEMBELI_07065" ADD CONSTRAINT "PK_PEMBELI" PRIMARY KEY ("ID")
  USING INDEX PCTFREE 10 INITRANS 2 MAXTRANS 255 COMPUTE STATISTICS 
  STORAGE(INITIAL 65536 NEXT 1048576 MINEXTENTS 1 MAXEXTENTS 2147483645
  PCTINCREASE 0 FREELISTS 1 FREELIST GROUPS 1 BUFFER_POOL DEFAULT FLASH_CACHE DEFAULT CELL_FLASH_CACHE DEFAULT)
  TABLESPACE "BAYU07065"  ENABLE;
  ALTER TABLE "ILHAMBAYU_07065"."PEMBELI_07065" MODIFY ("ID" NOT NULL ENABLE);
--------------------------------------------------------
--  Constraints for Table PILIH_07065
--------------------------------------------------------

  ALTER TABLE "ILHAMBAYU_07065"."PILIH_07065" MODIFY ("KODE_TIKET" NOT NULL ENABLE);
--------------------------------------------------------
--  Constraints for Table REGISTER_07065
--------------------------------------------------------

  ALTER TABLE "ILHAMBAYU_07065"."REGISTER_07065" ADD CONSTRAINT "PK_REGISTER" PRIMARY KEY ("KODE_REG")
  USING INDEX PCTFREE 10 INITRANS 2 MAXTRANS 255 COMPUTE STATISTICS 
  STORAGE(INITIAL 65536 NEXT 1048576 MINEXTENTS 1 MAXEXTENTS 2147483645
  PCTINCREASE 0 FREELISTS 1 FREELIST GROUPS 1 BUFFER_POOL DEFAULT FLASH_CACHE DEFAULT CELL_FLASH_CACHE DEFAULT)
  TABLESPACE "BAYU07065"  ENABLE;
  ALTER TABLE "ILHAMBAYU_07065"."REGISTER_07065" MODIFY ("KODE_REG" NOT NULL ENABLE);
--------------------------------------------------------
--  Constraints for Table TEMPAT_07065
--------------------------------------------------------

  ALTER TABLE "ILHAMBAYU_07065"."TEMPAT_07065" ADD CONSTRAINT "PK_TEMPAT" PRIMARY KEY ("DUDUK")
  USING INDEX PCTFREE 10 INITRANS 2 MAXTRANS 255 COMPUTE STATISTICS 
  STORAGE(INITIAL 65536 NEXT 1048576 MINEXTENTS 1 MAXEXTENTS 2147483645
  PCTINCREASE 0 FREELISTS 1 FREELIST GROUPS 1 BUFFER_POOL DEFAULT FLASH_CACHE DEFAULT CELL_FLASH_CACHE DEFAULT)
  TABLESPACE "BAYU07065"  ENABLE;
  ALTER TABLE "ILHAMBAYU_07065"."TEMPAT_07065" MODIFY ("DUDUK" NOT NULL ENABLE);
--------------------------------------------------------
--  Constraints for Table TIKET_07065
--------------------------------------------------------

  ALTER TABLE "ILHAMBAYU_07065"."TIKET_07065" ADD CONSTRAINT "PK_TIKET" PRIMARY KEY ("KODE_FILM")
  USING INDEX PCTFREE 10 INITRANS 2 MAXTRANS 255 COMPUTE STATISTICS 
  STORAGE(INITIAL 65536 NEXT 1048576 MINEXTENTS 1 MAXEXTENTS 2147483645
  PCTINCREASE 0 FREELISTS 1 FREELIST GROUPS 1 BUFFER_POOL DEFAULT FLASH_CACHE DEFAULT CELL_FLASH_CACHE DEFAULT)
  TABLESPACE "BAYU07065"  ENABLE;
  ALTER TABLE "ILHAMBAYU_07065"."TIKET_07065" MODIFY ("KODE_FILM" NOT NULL ENABLE);
--------------------------------------------------------
--  Constraints for Table TRANSAKSI_07065
--------------------------------------------------------

  ALTER TABLE "ILHAMBAYU_07065"."TRANSAKSI_07065" ADD CONSTRAINT "PK_TRANSAKSI" PRIMARY KEY ("KODE_TIKET")
  USING INDEX PCTFREE 10 INITRANS 2 MAXTRANS 255 COMPUTE STATISTICS 
  STORAGE(INITIAL 65536 NEXT 1048576 MINEXTENTS 1 MAXEXTENTS 2147483645
  PCTINCREASE 0 FREELISTS 1 FREELIST GROUPS 1 BUFFER_POOL DEFAULT FLASH_CACHE DEFAULT CELL_FLASH_CACHE DEFAULT)
  TABLESPACE "BAYU07065"  ENABLE;
  ALTER TABLE "ILHAMBAYU_07065"."TRANSAKSI_07065" MODIFY ("KODE_TIKET" NOT NULL ENABLE);
--------------------------------------------------------
--  Ref Constraints for Table HAVE_07065
--------------------------------------------------------

  ALTER TABLE "ILHAMBAYU_07065"."HAVE_07065" ADD CONSTRAINT "FK_KODE_JADWAL" FOREIGN KEY ("KODE_JADWAL")
	  REFERENCES "ILHAMBAYU_07065"."JADWAL_07065" ("KODE_JADWAL") ENABLE;
  ALTER TABLE "ILHAMBAYU_07065"."HAVE_07065" ADD CONSTRAINT "FK_KODE_TIKET" FOREIGN KEY ("KODE_TIKET")
	  REFERENCES "ILHAMBAYU_07065"."TRANSAKSI_07065" ("KODE_TIKET") ENABLE;
--------------------------------------------------------
--  Ref Constraints for Table JADWAL_07065
--------------------------------------------------------

  ALTER TABLE "ILHAMBAYU_07065"."JADWAL_07065" ADD CONSTRAINT "FK_KODE_FILM" FOREIGN KEY ("KODE_FILM")
	  REFERENCES "ILHAMBAYU_07065"."TIKET_07065" ("KODE_FILM") ENABLE;
--------------------------------------------------------
--  Ref Constraints for Table PILIH_07065
--------------------------------------------------------

  ALTER TABLE "ILHAMBAYU_07065"."PILIH_07065" ADD CONSTRAINT "FK_DUDUK" FOREIGN KEY ("DUDUK")
	  REFERENCES "ILHAMBAYU_07065"."TEMPAT_07065" ("DUDUK") ENABLE;
  ALTER TABLE "ILHAMBAYU_07065"."PILIH_07065" ADD CONSTRAINT "FK_KODE_TIKET1" FOREIGN KEY ("KODE_TIKET")
	  REFERENCES "ILHAMBAYU_07065"."TRANSAKSI_07065" ("KODE_TIKET") ENABLE;
--------------------------------------------------------
--  Ref Constraints for Table REGISTER_07065
--------------------------------------------------------

  ALTER TABLE "ILHAMBAYU_07065"."REGISTER_07065" ADD CONSTRAINT "FK_ID" FOREIGN KEY ("ID")
	  REFERENCES "ILHAMBAYU_07065"."PEMBELI_07065" ("ID") ENABLE;
--------------------------------------------------------
--  Ref Constraints for Table TRANSAKSI_07065
--------------------------------------------------------

  ALTER TABLE "ILHAMBAYU_07065"."TRANSAKSI_07065" ADD CONSTRAINT "FK_KODE_REG1" FOREIGN KEY ("KODE_REG")
	  REFERENCES "ILHAMBAYU_07065"."REGISTER_07065" ("KODE_REG") ENABLE;
